,model,accuracy,auc,tn,fp,fn,tp
0,AdaBoost,0.931980906921241,0.5326146080372489,0.9974326059050064,0.0025673940949935813,0.9322033898305084,0.06779661016949153
1,Logistic Regression,0.5894988066825776,0.622549552881791,0.5840821566110398,0.4159178433889602,0.3389830508474576,0.6610169491525424
2,Neural Net,0.9164677804295943,0.712256043167033,0.9499358151476252,0.05006418485237484,0.5254237288135594,0.4745762711864407
3,Random Forest,0.7136038186157518,0.5953090663823677,0.7329910141206675,0.26700898587933247,0.5423728813559322,0.4576271186440678
4,SVM,0.8090692124105012,0.7484824089989338,0.8189987163029525,0.1810012836970475,0.3220338983050847,0.6779661016949152
5,XGBoost,0.8031026252983293,0.7061095276430016,0.8189987163029525,0.1810012836970475,0.4067796610169492,0.5932203389830508
